post_id,page_name,post_url,published_at,text,post_type,likes,comments,shares,views,thumbnail_url,media_url,page_id,profile_url,reactions,comments_count,views_count,reaction_like_count,reaction_love_count,reaction_care_count,reaction_haha_count,reaction_wow_count,reaction_sad_count,reaction_angry_count,hashtags,mentions,external_links,media_type,video_url,transcript
10151234567890123,Green City Dhaka,https://www.facebook.com/greencitydhaka/posts/10151234567890123,2026-07-14T09:32:00+06:00,"Community seed-sharing event this Saturday at Ramna Park! Bring seeds, take seeds. Free for everyone.

Registration link in the comments. See you there! 🌱",text,342,,21,,,,112233445566778,https://www.facebook.com/greencitydhaka,387,58,,342,30,15,0,0,0,0,#CommunityGarden|#SeedSwap|#DhakaGreen,greencitydhaka,,,,
90123456789012345,The Coffee Collective,https://www.facebook.com/thecoffeecollective/posts/90123456789012345,2026-08-02T18:05:00+06:00,"Cold brew season is officially here. ☕ 48 hours steeped, zero bitterness — just smooth, chocolatey goodness.",image,1284,,47,,https://scontent.fdac1-1.fna.fbcdn.net/v/t51.2885-15/coffee-thumb.jpg,https://scontent.fdac1-1.fna.fbcdn.net/v/t51.2885-15/coffee-full.jpg,998877665544332,https://www.facebook.com/thecoffeecollective,1392,196,,1181,203,2,4,2,0,0,#ColdBrew|#CoffeeLover|#DhakaEats,coffeelab,,photo,,
10123456789012340,Run Dhaka,https://www.facebook.com/rundhaka/videos/10123456789012340,2026-06-21T06:45:00+06:00,"Highlights from yesterday's monsoon 10K — 1,200 runners, zero boring moments. 🏃‍♀️💦",video,5210,,512,,https://scontent.fdac1-1.fna.fbcdn.net/v/t51.2885-15/run-dhaka-thumb.jpg,,556677889900112,https://www.facebook.com/rundhaka,5588,403,87300,5210,201,60,54,48,3,12,#RunDhaka|#Monsoon10K,rundhaka,,video,https://www.facebook.com/rundhaka/videos/10123456789012340,"[Music] Welcome to the monsoon 10K start line. Runners are off! [Cheers] We're passing through Hatirjheel now, and the weather is holding up beautifully."
60606060606060606,CodeCraft Bangladesh,https://www.facebook.com/codecraft/posts/60606060606060606,2026-08-18T11:20:00+06:00,We published a deep dive on running PostgreSQL at 2am without a DBA on call. TL;DR: backups are not a strategy. https://blog.codecraft.example/pg-at-2am,link,2015,,156,,https://blog.codecraft.example/og/pg-at-2am.png,https://blog.codecraft.example/pg-at-2am,334455667788990,https://www.facebook.com/codecraft,2098,87,,2015,38,12,22,8,3,0,#PostgreSQL|#DevOps|#Backend,,https://blog.codecraft.example/pg-at-2am,link,,
10000000000000001,Banti & The Roof,https://www.facebook.com/bantinroof/posts/10000000000000001,2026-07-30T21:10:00+06:00,Roof garden update: the chilies survived the monsoon. 🌶️,text,12,,0,,,,112211221122112,https://www.facebook.com/bantinroof,,0,,,,,,,,,,,,,,
77777777777777777,Sunrise Travels,https://www.facebook.com/sunrisetravels/posts/77777777777777777,2026-05-09T08:15:00+06:00,Nikli Haor at dawn — worth the 4am start. The mist rolls in like something out of a dream. ✨,image,3111,,89,,https://scontent.fdac1-1.fna.fbcdn.net/v/t51.2885-15/nikli-thumb.jpg,https://scontent.fdac1-1.fna.fbcdn.net/v/t51.2885-15/nikli-full.jpg,445566778899001,https://www.facebook.com/sunrisetravels,3244,142,,2901,310,11,5,17,0,0,#TravelBangladesh|#NikliHaor|#HaorDiaries,sunrisetravels,,photo,,
88888888888888888,Urban Foodie Dhaka,https://www.facebook.com/urbanfoodie/videos/88888888888888888,2026-08-24T19:40:00+06:00,"Tonight: ফুচকা street tour in Old Dhaka — ten stalls, one night, zero regrets. ভিডিওতে পুরো ট্যুর দেখুন!",video,8932,,1204,,https://scontent.fdac1-1.fna.fbcdn.net/v/t51.2885-15/fuchka-thumb.jpg,,667788990011223,https://www.facebook.com/urbanfoodie,9120,611,245600,8932,134,21,27,6,0,0,#StreetFood|#OldDhaka,,,video,https://www.facebook.com/urbanfoodie/videos/88888888888888888,আজ রাতে ওল্ড ঢাকার ফুচকা স্ট্রিট ট্যুরে আপনাদের স্বাগতম। প্রথম দোকানটা শুরু হলো শাঁখারীবাজারের মোড় থেকে।
30303030303030303,The Book Nook,https://www.facebook.com/thebooknook/posts/30303030303030303,2026-04-03T14:00:00+06:00,"""A reader lives a thousand lives before he dies."" — This month's shelf pick, plus a 20% code for the first 500 orders.",link,468,,12,,https://booknook.example/covers/april-pick.jpg,https://booknook.example/april-pick,221133445566778,https://www.facebook.com/thebooknook,501,64,,468,29,1,1,2,0,0,#BookNook|#Bookstagram,,https://booknook.example/april-pick,link,,
